"GDP per capita, current prices
 (U.S. dollars per capita)",2000,2001,2002,2003,2004,2005,2006,2007,2008,2009,2010,2011,2012,2013,2014,2015,2016,2017,2018,2019
Afghanistan,no data,no data,233.433,233.755,254.259,294.396,320.674,381.502,447.746,511.374,631.49,714.7,784.611,754.402,746.922,705.597,617.126,635.789,582.323,586.204
Albania,1127.64,1283.573,1425.125,1846.119,2373.58,2673.773,2972.745,3595.053,4370.562,4114.09,4097.833,4439.89,4248.909,4415.6,4584.919,3953.611,4124.405,4525.887,5257.714,5345.058
Algeria,1794.695,1768.577,1806.86,2128.386,2636.479,3141.027,3508.959,3986.564,4943.502,3890.524,4480.719,5447.6,5575.653,5477.055,5466.329,4153.322,3918.941,4014.707,4106.997,3953.402
Andorra,no data,no data,no data,no data,no data,no data,no data,no data,no data,no data,49030.229,51957.313,45713.97,45630.195,46299.282,38877.485,39595.317,40017.741,42229.903,40688.491
Angola,681.129,645.145,872.658,982.806,1254.696,1900.724,2597.964,3121.349,4081.718,3123.699,3586.664,4608.155,5083.827,5228.511,5371.217,4130.93,3468.518,4039.3,3240.858,2612.246
Antigua and Barbuda,10931.312,10411.422,10485.776,10921.845,11613.334,12785.872,14317.674,16060.877,16574.257,14688.677,13574.44,13295.364,13825.317,13414.902,13980.61,14728.706,15588.535,15686.747,16889.792,17370.041
Argentina,8638.543,8085.356,2997.621,3761.088,4314.098,5163.55,5976.082,7315.726,9146.79,8337.811,10412.974,12787.806,13889.792,14488.829,13208.831,14895.316,12772.868,14618.327,11786.433,10054.023
Armenia,620.638,692.287,779.122,923.387,1180.399,1628.063,2128.151,3079.031,3913.436,2911.763,3121.778,3417.172,3575.529,3732.035,3889.004,3529.026,3524,3868.906,4195.963,4596.861
Aruba,20681.137,20740.206,21307.261,21949.392,23700.571,24171.995,24845.66,26736.575,28172.075,25134.689,24093.087,25712.454,25119.736,25813.523,26129.727,27458.227,27441.582,28440.093,30082.212,31096.315
Australia,20895.367,19486.698,21692.196,27288.855,32852.825,36232.385,37948.951,45180.943,49194.235,45770.392,56577.949,67270.22,68449.591,65200.823,61616.044,51412.407,51815.345,55804.163,56352.938,54289.066
Austria,24636.471,24558.922,26508.32,32298.607,36883.892,38450.609,40674.883,46922.558,51914.013,48111.662,46955.173,51452.276,48616.903,50747.384,51814.424,44267.809,45278.829,47320.537,51234.477,50195.321
Azerbaijan,656.386,674.783,760.812,879.863,1039.818,1571.292,2458.421,3818.274,5578.556,4963.769,5880.806,7242.806,7545.873,7926.094,7939.169,5300.136,3897.707,4217.653,4759.796,4826.352
Bahamas,26601.368,26971.273,28357.927,27896.338,28056.572,30030.89,30594.671,31498.523,30787.585,28793.341,28725.135,28365.859,29895.418,28695.885,30055.888,31576.619,31463.129,32471.737,33183.686,33888.774
Bahrain,14214.58,13894.343,13501.551,14486.061,15963.978,17966.224,19267.567,20908.338,23236.055,19465.292,20827.719,24080.43,25434.451,25965.311,25398.315,22659.374,22641.276,23631.585,25149.47,26051.303
Bangladesh,497.807,497.045,499.906,533.545,569.732,594.253,610.469,668.54,760.65,841.252,935.755,1032.313,1057.884,1176.16,1340.289,1495.538,1679.021,1839.755,1991.739,2154.227
Barbados,11337.027,11284.369,11442.562,11788.654,12612.206,13939.669,15334.007,16925.584,17254.317,16036.377,16203.334,16599.014,16371.966,16556.11,16572.331,16623.566,16957.431,17435.312,17795.112,18540.379
Belarus,1079.61,1283.273,1524.49,1873.667,2450.9,3221.463,3968.753,4887.275,6581.175,5345.325,6025.686,6478.889,6948.345,7995.733,8337.145,5958.838,5037.854,5778.564,6351.76,6831.516
Belgium,23136.511,23067.163,25044.331,30707.665,35497.552,36945.499,38841.785,44496.791,48493.137,44892.228,44448.17,47564.381,44824.163,46848.612,47897.037,41147.261,42076.398,44274.073,47685.347,46783.005
Belize,4468.235,4542.266,4694.034,4818.84,5028.238,5153.514,5431.611,5676.576,5635.733,5334.144,5392.038,5479.151,5584.834,5803.384,5957.136,6001.658,5975.323,5894.291,5847.778,5916.225
Benin,503.22,508.351,563.98,698.234,783.763,806.35,837.176,944.755,1098.826,1060.566,1010.314,1099.221,1113.274,1214.313,1251.827,1041.758,1049.531,1094.888,1194.023,1171.015
Bhutan,758.308,767.831,813.421,950.504,1059.205,1215.288,1278.66,1548.106,1936.306,1797.535,2097.54,2511.435,2592.37,2609.758,2546.857,2767.781,2857.443,3137.633,3413.308,3322.527
Bolivia,994.617,949.383,904.851,908.203,968.545,1037.176,1226.845,1383.894,1729.369,1769.441,1972.684,2368.523,2635.933,2938.421,3114.966,3069.319,3110.874,3388.523,3588.089,3591.403
Bosnia and Herzegovina,1480.624,1540.266,1785.289,2254.449,2699.054,2903.602,3306.785,4073.011,4984.537,4711.119,4633.861,5089.853,4773.164,5141.572,5252.939,4662.977,4875.228,5230.13,5859.283,5867.26
Botswana,3290.347,3099.104,3005.538,4088.461,4743.633,5194.705,5142.914,5371.808,5345.848,4938.25,6041.732,7080.778,6392.987,6436.603,6844.033,5869.738,6411.552,6705.341,6947.818,6679.188
Brazil,3864.917,3256.18,2926.341,3165.195,3750.129,4938.537,6066.958,7572.61,9096.943,8851.059,11578.7,13631.421,12782.844,12752.255,12601.257,9182.996,9117.56,10419.576,9629.603,9364.237
Brunei Darussalam,20473.284,18646.04,19037.814,20975.54,24759.511,29459.699,34869.24,36678.272,42529.703,31287.341,35437.251,47092.346,47776.368,44865.244,41947.487,31353.779,27321.997,28443.168,31074.01,29865.278
Bulgaria,1625.322,1797.392,2090.683,2710.577,3370.382,3869.588,4477.028,5815.474,7161.75,6878.061,6753.335,7872.043,7454.003,7702.783,7925.691,7098.587,7596.976,8414.389,9489.657,9914.386
Burkina Faso,249.18,260.445,286.551,363.727,405.267,443.189,457.366,516.811,621.822,603.222,627.783,727.484,734.438,762.315,767.569,632.191,664.926,714.64,779.509,772.227
Burundi,130.225,127.349,116.392,108.066,122.381,148.71,164.575,170.174,195.79,208.78,231.549,247.097,250.118,255.319,273.133,304.243,281.062,291.859,271.289,261.294
Cabo Verde,1399.088,1387.33,1501.545,2051.814,2295.724,2359.62,2623.337,3391.227,3985.213,3727.309,3632.185,4028.638,3722.1,3900.957,3878.774,3283.571,3438.763,3596.388,3811.549,4053.646
Cambodia,299.982,320.046,337.501,360.659,405.618,470.64,536.135,627.781,741.822,737.177,788.182,889.745,965.379,1034.768,1123.131,1203.435,1320.282,1448.02,1587.935,1736.317
Cameroon,660.382,687.404,756.14,949.02,1089.418,1101.546,1147.497,1277.667,1439.39,1409.942,1353.407,1464.888,1404.412,1527.773,1604.627,1382.65,1412.866,1468.929,1585.96,1533.161
Canada,24296.721,23859.714,24279.186,28338.745,32176.593,36439.62,40558.897,44716.985,46773.837,40990.625,47627.345,52285.937,52744.004,52708.61,51020.843,43626.47,42382.635,45191.993,46625.859,46449.962
Central African Republic,238.505,242.794,260.865,310.302,336.409,356.688,381.315,427.313,485.807,482.648,492.078,551.028,566.199,380.304,424.67,377.476,402.053,450.744,488.553,480.145
Chad,188.139,223.102,250.264,330.959,513.888,661.203,712.529,803.018,932.601,805.798,895.354,985.629,970.738,982.92,1024.838,776.105,700.558,671.18,713.426,689.327
Chile,5099.922,4608.057,4479.771,4824.87,6183.906,7558.009,9410.392,10447.116,10759.738,10176.733,12723.064,14560.249,15316.01,15740.391,14582.85,13494.489,13722.878,15003.77,15755.003,14567.988
"China, People's Republic of",951.163,1044.958,1141.14,1282.21,1499.712,1751.368,2095.239,2691.048,3446.695,3813.408,4499.803,5553.242,6282.709,7039.574,7645.875,8034.287,8063.446,8760.259,9848.949,10170.061
Colombia,2535.477,2461.328,2424.349,2313.535,2827.173,3493.976,3836.672,4834.416,5622.109,5330.795,6498.597,7518.304,8237.306,8409.688,8312.056,6337.038,6037.126,6577.287,6923.64,6540.141
Comoros,628.071,675.05,757.399,949.68,1055.357,1085.659,1110.984,1251.857,1403.796,1351.145,1322.638,1450.159,1403.417,1500.731,1505.178,1231.135,1256.035,1300.566,1386.014,1359.75
"Congo, Dem. Rep. of the",397.025,146.542,171.076,171.505,189.173,226.776,265.901,310.819,366.699,291.745,338.802,387.825,427.848,481.137,512.244,519.68,477.259,478.789,564.342,578.891
"Congo, Republic of ",1268.422,1037.327,1109.284,1255.568,1617.326,2058.304,2436.377,2586.304,3346.18,2722.039,3597.956,4175.34,4607.39,4559.725,4438.243,2873.72,2576.549,2721.179,3316.879,3060.094
Costa Rica,3941.14,4041.944,4122.829,4227.819,4483.59,4756.337,5309.271,6194.045,6993.896,6879.266,8268.859,9270.571,10107.452,10764.529,10853.638,11635.197,11986.918,12185.259,12428.924,12691.126
Croatia,5053.534,5363.191,6216.126,8191.304,9718.251,10453.246,11490.022,13730.883,15855.122,14372.182,13676.692,14619.948,13417.796,13948.875,13976.056,12070.738,12548.245,13556.318,15009.085,15089.373
Cyprus,14464.816,14905.024,16188.394,20389.178,23969.818,25527.252,27448.569,31774.426,36009.56,32650.09,31521.893,32910.616,29075.269,27671.331,27076.806,23507.588,24802.599,26834.665,29630.487,29624.708
Czech Republic,6015.067,6627.103,8056.318,9823.287,11751.897,13446.938,15284.674,18527.743,22925.748,19908.146,19983.577,21890.781,19880.902,20129.622,19915.381,17842.868,18553.304,20605.825,23380.772,23616.011
Côte d'Ivoire,920.48,935.453,1009.647,1216.947,1282.225,1287.98,1308.59,1458.248,1697.062,1657.61,1650.97,1660.464,1686.744,1919.177,2115.206,1932.237,1989.85,2103.872,2285.248,2279.707
Denmark,30798.717,30806.607,33275.556,40512.045,46571.283,48872.095,52121.249,58641.193,64531.119,58286.537,58177.162,61864.093,58623.414,61325.575,62729.499,53478.495,54862.848,57772.553,61724.492,59678.596
Djibouti,1088.219,1106.677,1121.167,1160.467,1212.849,1271.217,1359.487,1478.419,1692.43,1722.341,1837.212,2038.56,2190.283,2314.559,2470.925,2652.513,2803.689,2926.153,3038.268,3172.748
Dominica,4681.178,4775.344,4680.264,4825.77,5165.218,5127.438,5497.251,5939.91,6463.44,6903.996,6980.957,7160.275,6994.866,7153.468,7388.583,7596.222,8089.25,7507.368,7981.044,8466.407
Dominican Republic,2894.303,3007.381,3158.393,2460.554,2540.849,4008.356,4188.715,4803.473,5194.799,5151.172,5688.751,6063.35,6274.865,6413.934,6805.662,7139.507,7521.268,7874.941,8340.961,8595.18
Ecuador,1461.838,1909.424,2180.386,2434.977,2700.118,3025.012,3351.476,3588.311,4267.473,4241.938,4633.247,5192.875,5664.886,6030.502,6347,6099.351,6046.302,6216.606,6318.477,6260.603
Egypt,1636.752,1566.199,1355.278,1252.404,1195.597,1331.362,1563.739,1862.164,2271.232,2578.884,2922.796,3077.343,3569.482,3583.854,3705.465,3933.927,3862.011,2592.707,2710.158,3240.513
El Salvador,1977.835,2051.156,2106.732,2197.501,2273.938,2434.33,2651.445,2814.604,2964.17,2889.68,3017.326,3305.002,3471.047,3555.185,3638.533,3761.492,3870.318,3986.018,4145.89,4280.3
Equatorial Guinea,1885.985,2616.487,3107.854,5424.13,8214.073,10810.445,12743.347,15782.688,22834.435,16596.742,17153.165,21479.995,21556.417,20252.748,19271.286,11217.985,9202.539,9624.532,9968.089,8355.342
Eritrea,238.508,245.162,227.498,258.933,315.55,300.697,321.219,340.334,301.238,415.601,501.424,642.502,693.804,596.754,786.54,603.193,655.424,557.857,580.845,566.731
Estonia,4084.938,4516.219,5358.418,7216.265,8923.191,10426.689,12657.064,16764.936,18273.297,14756.39,14696.814,17484.728,17414.24,19056.283,20253.974,17403.806,18290.293,20430.567,23176.358,23584.26
Eswatini,1818.67,1599.207,1473.717,2235.678,2797.022,3174.588,3262.223,3402.163,3214.488,3479.71,4263.91,4603.196,4628.132,4325.841,4133.645,3766.458,3513.8,4031.056,4225.743,4031.719
Ethiopia,136.056,131.565,123.874,132.704,152.16,181.49,218.637,266.894,350.57,373.199,341.103,377.694,510.537,548.869,622.592,707.975,790.789,822.704,839.861,948.851
Fiji,2286.992,2238.548,2467.527,3079.607,3601.622,3943.27,4041.487,4405.164,4535.432,3673.958,4004.674,4797.051,5017.72,5268.164,5611.185,5385.516,5620.575,6049.889,6272.733,6084.97
Finland,24379.783,25001.18,27008.262,32961.92,37816.081,39147.216,41308.623,48590.198,53897.91,47541.746,46647.002,51263.574,47850.555,50006.019,50434.791,42867.09,43865.756,46437.211,50032.02,48667.723
France,23212.45,23245.258,25137.402,30682.636,35016.219,36057.117,37795.916,43060.031,47155.211,43190.972,42178.577,45419.973,42372.071,44144.638,44616.455,37937.861,38348.507,40134.128,43060.59,41924.837
Gabon,4477.321,4065.933,4210.284,5015.596,5837.617,6942.698,7271.093,8652.145,10418.276,7856.853,8933.306,10893.464,9903.41,9760.747,9746.786,7453.114,7082.218,7370.349,8198.56,8086.528
"Gambia, The",766.199,737.063,631.566,581.319,642.755,665.721,662.362,780.379,924.514,833.282,860.639,762.761,742.78,700.515,607.429,649.511,683.998,676.656,729.035,768.921
Georgia,763.707,820.006,875.188,1034.533,1338.086,1682.527,2052.257,2700.417,3419.915,2890.71,3221.628,4003.46,4409.627,4622.549,4742.498,4017.622,4060.893,4358.594,4718.794,4693.66
Germany,23924.876,23869.773,25460.334,30668.849,34534.814,35020.197,36894.468,42299.862,46367.716,42338.844,42379.71,46697.376,43883.393,46299.227,48035.95,41107.096,42124.196,44636.833,47961.181,46810.283
Ghana,606.501,630.698,714.42,860.469,973.287,1151.305,1320.283,1520.642,1688.077,1477.649,1757.045,2131.746,2197.908,2405.768,2003.714,1784.248,1982.239,2086.598,2275.772,2265.715
Greece,12268.253,12579.412,14185.463,18534.613,22015.2,22608.39,24858.594,28900.031,32173.506,29829.303,26743.4,25437.01,21845.045,21712.016,21554.224,18023.869,17906.08,18552.181,19750.743,19140.988
Grenada,5056.978,5041.015,5213.797,5682.707,5741.653,6644.217,6658.218,7213.002,7832.366,7290.821,7258.182,7291.739,7444.082,7789.618,8370.031,9096.535,9628.26,10152.834,10466.805,10834.496
Guatemala,1555.567,1654.953,1795.772,1847.291,1951.798,2151.742,2336.955,2556.76,2873.086,2654.1,2836.06,3172.124,3267.792,3397.625,3632.101,3825.882,3982.02,4234.379,4251.613,4388.497
Guinea,461.784,427.879,444.663,517.03,534.339,470.57,426.419,628.711,675.387,637.478,630.549,607.035,645.096,713.128,728.729,712.025,679.964,796.038,891.887,986.528
Guinea-Bissau,327.943,338.362,374.5,435.072,447.804,482.181,467.998,543.408,672.251,613.569,644.344,775.206,688.497,711.927,712.826,707.897,748.089,864.141,894.667,836.954
Guyana,2017.2,2023.617,2092.961,2144.109,2232.996,2305.907,2551.768,2982.217,3329.637,3457.367,3837.303,4402.775,5360.276,5476.744,5402.703,5579.974,5796.819,6104.158,6120.536,6594.375
Haiti,794.059,720.822,684.333,540.556,660.218,773.35,794.79,991.684,1074.359,1168.747,1175.199,1269.346,1316.496,1408.807,1408.669,1359.209,1263.434,1337.16,1441.864,1277.213
Honduras,1093.106,1133.185,1134.068,1158.179,1217.816,1308.089,1430.056,1583.048,1739.357,1789.707,1904.346,2088.311,2144.337,2102.595,2206.056,2302.204,2342.024,2451.936,2506.62,2568.062
Hong Kong SAR,25574.491,25166.902,24731.081,23856.482,24873.898,26551.769,28028.157,30494.551,31487.94,30593.991,32421.361,34955.147,36623.745,38233.352,40185.303,42325.352,43488.204,46025.665,48310.038,48277.982
Hungary,4619.293,5269.607,6644.61,8409.098,10291.667,11211.246,11483.141,13926.753,15761.631,13066.422,13199.056,14214.126,12969.621,13693.038,14279.016,12700.301,13083.4,14606.266,16421.113,16782.01
Iceland,32344.364,29061.339,32516.441,39620.411,47579.937,57405.559,58238.886,70375.326,57296.251,41188.906,43293.021,47798.807,46159.8,50100.084,54864.159,53227.627,62530.419,73085.132,75364.793,69137.161
India,449.787,457.8,477.068,553.382,635.054,722.492,809.568,1041.194,1014.387,1115.829,1377.109,1449.604,1434.018,1438.057,1559.864,1590.174,1714.28,1957.97,1974.378,2050.163
Indonesia,870.154,834.139,1002.907,1186.845,1280.696,1403.876,1764.79,2064.232,2418.043,2464.956,3178.133,3688.531,3744.53,3684,3533.606,3367.691,3605.721,3885.465,3947.248,4194.086
Iran,5776.857,5124.766,2020.838,2353.361,2764.807,3291.94,3863.502,5045.686,5890.712,6016.8,6983.777,8322.46,5548.306,5561.453,5910.083,5172.134,5730.831,6005.051,4066.246,2908.918
Iraq,no data,no data,no data,608.655,1373.738,1828.738,2321.258,3090.851,4472.118,3701.862,4473.71,5848.537,6692.576,7021.406,6704.313,5044.624,4639.496,5178.921,5959.102,5945.438
Ireland,26184.69,28119.305,32481.584,40939.729,47388.8,50476.482,53738.836,60770.189,60989.842,51943.659,48620.625,52159.122,48918.729,51422.864,55651.915,62027.653,62556.626,69864.671,79184.608,80613.712
Israel,21641.299,20918.337,19044.915,19634.852,20565.767,21233.796,22501.119,25647.697,30182.526,28330.228,31278.046,34366.858,32928.736,36589.285,37856.528,35768.612,37197.25,40603.843,41834.032,43723.256
Italy,20153.051,20505.923,22386.279,27580.477,31342.833,32031.426,33448.106,37828.34,40818.985,36982.806,35815.615,38276.034,34743.751,35534.99,35836.183,30463.696,31190.794,32648.756,34917.563,33628.161
Jamaica,3510.575,3529.711,3709.572,3586.441,3855.674,4241.399,4494.63,4829.296,5134.246,4507.186,4894.369,5332.52,5448.456,5238.147,5105.511,5204.825,5183.462,5413.03,5729.757,5781.785
Japan,39172.971,34410.68,32832.296,35410.229,38307.103,37819.107,36021.9,35847.232,39992.06,41469.773,45135.796,48760.915,49175.035,40934.756,38522.771,35005.662,39411.424,38903.298,39850.331,40547.967
Jordan,1703.235,1776.461,1875.33,1946.117,2109.381,2277.942,2636.265,2870.639,3454.309,3559.692,3736.645,3852.891,3915.87,4050.139,4137.283,4169.988,4181.255,4257.908,4358.324,4411.72
Kazakhstan,1230.49,1491.652,1657.157,2062.291,2862.5,3753.439,5261.026,6733.448,8349.288,7116.372,9005.041,11552.573,12300.185,13789.174,12713.563,10435.169,7662.006,9186.712,9749.07,9750.431
Kenya,617.147,617.055,611.901,668.483,692.718,778.333,854.992,1028.239,1118.769,1123.268,1176.311,1178.599,1396.22,1490.422,1613.101,1625.176,1688.852,1805.398,1987.302,2107.735
Kiribati,803.324,734.58,827.798,1020.831,1132.962,1214.941,1168.998,1377.365,1456.192,1331.192,1512.468,1726.239,1783.594,1715.889,1628.35,1537.93,1587.423,1649.251,1696.206,1492.126
"Korea, Republic of",12263.471,11563.04,13159.675,14672.418,16482.75,19398.494,21730.952,24083.338,21387.709,19139.732,23077.161,25100.188,25459.168,27179.519,29252.933,28737.439,29274.232,31600.735,33447.155,31902.415
Kosovo,1506.094,1704.288,1807.197,2205.535,2274.678,2318.3,2400.14,2865.639,3025.013,2878.492,3013.162,3562.033,3396.893,3699.477,3920.467,3554.1,3745.863,3991.249,4389.631,4432.996
Kuwait,17009.468,15116.579,15756.242,18796.658,21585.518,27012.212,31903.746,33711.963,42823.645,30414.905,32216.413,41657.542,45522.558,43927.638,39759.385,27035.985,24800.544,26816.642,29905.292,28513.124
Kyrgyz Republic,280.635,309.913,323.343,382.888,436.496,478.77,546.621,725.487,971.678,876.933,884.846,1131.471,1189.517,1295.225,1292.621,1132.843,1131.841,1254.51,1321.954,1466.956
Lao P.D.R.,316.667,318.271,328.928,397.312,459.603,525.985,661.572,787.382,969.073,1032.328,1187.022,1397.003,1566.197,1813.802,1982.523,2124.256,2307.937,2437.127,2551.83,2602.623
Latvia,3343.184,3553.667,4120.691,5121.736,6342.835,7569.831,9690.458,14079.584,16435.21,12243.072,11316.932,13371.012,13786.588,14927.223,15685.979,13728.365,14259.249,15626.275,17806.561,17889.752
Lebanon,4428.662,4349.954,4504.149,4440.345,4630.727,4575.074,4626.82,5207.76,6111.36,7354.971,7761.616,7675.291,7948.646,7928.317,7681.707,7642.96,7617.732,7776.012,8003.824,7421.491
Lesotho,493.333,414.027,457.662,670.897,852.696,922.416,916.563,930.798,868.532,1011.42,1222.197,1324.607,1261.443,1191.994,1250.627,1104.543,1099.146,1199.628,1221.168,1159.368
Liberia,303.143,305.909,311.768,231.891,286.104,293.471,333.151,388.154,464.437,470.218,505.363,582.614,646.662,716.576,708.816,691.369,709.824,706.239,677.356,623.887
Libya,7625.01,6693.083,3956.483,4986.326,6180.388,8739.202,10561.373,11801.274,14762.577,10202.806,12478.016,8132.317,14728.067,12025.599,9166.555,7706.743,7817.63,10413.81,11773.943,10532.114
Lithuania,3293.307,3525.849,4140.734,5499.475,6699.372,7860.178,9236.616,12305.917,15017.555,11848.202,12009.033,14393.268,14376.001,15734.38,16577.333,14265.409,15004.172,16879.449,19195.06,19600.564
Luxembourg,48984.173,48719.314,53227.765,66160.728,77030.373,81728.092,91478.339,108344.137,121616.145,110249.419,112049.15,120526.518,113953.737,121422.921,125200.137,106710.47,107948.199,111211.77,117993.371,113860.533
Macao SAR,no data,15723.751,16733.977,18461.835,23005.586,25109.973,28970.428,34268.703,38286.226,39822.349,51135.159,66111.715,74209.139,84833.692,86298.091,69647.776,69887.828,77233.097,82835.778,81231.549
Madagascar,307.335,350.5,334.838,387.055,298.635,335.388,355.397,459.855,561.654,488.901,492.67,553.45,538.541,560.939,548.905,481.807,489.439,528.379,535.948,531.75
Malawi,352.65,338.478,384.137,345.163,365.696,377.042,400.898,432.115,504.65,571.113,623.414,695.331,506.3,446.999,484.322,497.737,415.016,466.559,501.113,543.685
Malaysia,4347.73,4189.053,4441.824,4740.324,5244.873,5678.332,6351.127,7480.893,8766.175,7543.882,9046.978,10397.902,10806.823,10851.657,11165.249,9663.122,9523.316,9965.123,11079.617,11228.293
Maldives,2967.253,2780.451,2952.215,3690.792,4238.041,3960.43,5268.793,6128.48,7337.951,7450.805,8086.697,8078.305,8719.582,9766.235,10787.471,11781.029,12348.712,13200.955,14479.839,15060.822
Mali,263.615,299.414,326.736,381.853,427.523,474.257,506.939,579.325,678.346,681.803,688.89,810.04,753.869,778.808,818.665,723.581,749.846,795.387,856.745,840.211
Malta,10482,10447.791,11346.456,13730.313,15260.887,15930.142,16818.012,19696.182,22378.184,21223.678,21842.065,23222.385,22674.787,24972.679,27080.097,25228.175,25897.872,29284.984,32397.208,32405.729
Marshall Islands,2242.869,2422.927,2655.592,2625.241,2634.419,2689.53,2772.864,2893.428,2781.614,2881.209,3029.421,3236.508,3429.322,3584.073,3638.806,3669.525,4121.238,4526.757,4831.339,5244.74
Mauritania,673.361,641.849,634.588,711.709,796.923,963.498,1357.425,1425.466,1647.288,1475.591,1715.923,2012.828,1946.079,2072.492,1826.78,1668.065,1690.813,1758.542,1882.203,1987.267
Mauritius,4157.831,4081.162,4252.93,5072.811,5701.753,5590.468,5772.667,6663.186,8138.17,7416.659,8108.095,9320.873,9416.335,9766.77,10366.355,9507.999,9967.673,10844.145,11642.891,11407.849
Mexico,7511.855,7952.173,7987.331,7440.437,7858.828,8683.423,9521.36,10137.084,10520.798,8416.38,9718.129,10653.037,10733.341,11206.351,11376.926,9998.488,9063.537,9599.362,10024.115,10311.552
"Micronesia, Fed. States of",2179.424,2257.322,2277.946,2312.427,2269.675,2371.093,2414.385,2457.987,2531.994,2711.063,2887.354,3021.694,3170.962,3068.371,3082.895,3050.723,3197.214,3522.106,3854.141,3979.627
Moldova,448.062,505.784,569.109,680.272,894.061,1031.422,1179.323,1526.379,2102.942,1890.647,2428.106,2930.062,3031.129,3307.351,3314.553,2715.782,2857.879,3422.643,4121.047,4376.654
Mongolia,473.198,521.317,566.403,639.373,789.958,989.177,1321.606,1616.138,2109.269,1687.55,2602.373,3702.359,4281.33,4293.834,4081.015,3800.11,3575.095,3612.716,4078.182,4309.049
Montenegro,1596.628,1893.716,2081.045,2745.758,3379.643,3679.829,4429.804,5984.454,7396.665,6746.378,6694.166,7327.255,6590.582,7189.046,7389.894,6517.418,7031.533,7800.27,8854.776,8911.273
Morocco,1486.875,1489.702,1573.475,1914.006,2163.48,2232.944,2427.109,2759.516,3189.2,3162.86,3134.698,3367.347,3224.712,3463.601,3527.712,3235.57,3235.218,3401.256,3615.592,3622.679
Mozambique,319.358,296.268,302.546,326.075,383.27,416.811,435.334,482.198,563.649,520.403,471.904,594.586,657.645,664.078,673.969,589.86,428.927,461.415,504.536,508.164
Myanmar,159.287,145.105,139.436,177.444,213.4,239.129,266.297,347.813,492.977,593.446,727.194,1015.564,1104.637,1175.911,1244.184,1223.742,1163.794,1177.083,1271.677,1302.277
Namibia,2156.03,1954.968,1825.849,2630.11,3470.147,3742.509,3870.937,4378.564,4198.55,4340.183,5410.977,5870.933,6038.862,5540.619,5555.93,5020.473,4611.508,5438.761,5666.273,5099.427
Nauru,no data,no data,no data,no data,3066.932,3053.016,3144.743,2509.316,3982.194,4630.943,4813.327,6521.166,10005.183,8975.704,8630.426,7090.709,7825.366,8550.692,10582.207,10567.406
Nepal,266.158,269.25,269.082,281.039,319.068,354.973,388.995,440.856,532.331,542.536,671.998,795.314,794.093,809.346,827.394,882.308,880.225,1027.965,1161.534,1185.682
Netherlands,26327.855,26996.17,29401.972,35814.268,40477.3,42054.884,44936.006,51880.384,58015.396,52807.447,51165.823,54342.114,50175.559,52276.986,53026.478,45302.804,46165.177,48799.874,53224.694,52672.504
New Zealand,14021.625,13669.131,15706.932,20461.053,24849.116,27384.825,26220.073,31914.994,31762.708,28270.277,33393.529,38059.162,39684.531,42083.005,44285.966,38200.039,39414.454,42275.793,42761.93,42287.718
Nicaragua,1030.74,1054.66,1011.904,1010.231,1077.784,1152.801,1224.724,1326.658,1498.88,1438.131,1499.068,1652.097,1728.147,1783.56,1909.424,2029.124,2091.463,2147.856,2008.404,1940.115
Niger,197.275,207.769,227.424,267.41,285.39,320.925,335.336,389.258,477.272,462.269,476.064,511.49,528.921,551.557,562.888,484.173,497.885,517.589,570.983,554.124
Nigeria,554.64,583.187,730.836,780.399,963.236,1221.651,1563.031,1791.823,2197.776,1927.476,2328.425,2543.504,2756.41,2998.068,3222.691,2718.586,2176.001,1968.563,2153.094,2229.854
North Macedonia ,1878.237,1839.616,1974.061,2440.813,2796.622,3071.897,3359.608,4076.296,4838.148,4579.092,4576.228,5097.26,4728.373,5239.649,5498.612,4860.422,5152.966,5462.379,6111.186,6073.003
Norway,38094.597,38553.843,43083.871,50161.513,57676.821,66924.047,74255.799,85276.992,97119.989,80115.693,87823.805,100815.931,101779.186,103214.973,97302.705,74568.136,70629.25,75940.152,82605.966,76303.683
Oman,9266.358,9088.213,9285.343,9792.637,11042.532,13563.457,15946.355,17716.421,25061.257,19235.875,21677.793,23518.573,24129.012,23328.489,23219.693,18924.97,17020.387,17731.849,19885.103,19069.311
Pakistan,698.964,666.691,662.991,741.252,854.153,920.498,1007.352,1125.625,1187.339,1075.506,1107.551,1271.725,1351.566,1370.242,1409.471,1527.373,1566.625,1653.406,1698.034,1500.683
Palau,7900.288,8304.592,8404.127,7923.588,8462.146,9327.328,9678.117,10136.305,10498.22,9882.582,10080.443,10885.959,12294.283,13004.425,14149.356,16037.963,17161.725,16383.831,16289.539,15876.323
Panama,4261.463,4244.106,4324.661,4469.688,4807.66,5146.047,5598.289,6350.183,7369.186,7806.732,8332.576,9653.933,11063.257,12273.18,13221.567,14102.156,14866.506,15731.102,16181.217,16526.419
Papua New Guinea,1007.517,862.099,814.701,995.275,1111.943,1269.526,1411.902,1576.159,1883.527,1833.09,2132.185,2552.043,2865.783,2800.178,2992.711,2742.906,2567.586,2755.488,2861.448,2877.497
Paraguay,1675.793,1577.681,1312.083,1377.521,1693.886,1857.78,2285.125,2988.684,4054.044,3623.931,4329.69,5301.834,5153.417,5892.846,6065.282,5360.077,5265.061,5608.156,5703.324,5302.239
Peru,1940.238,1935.546,2017.765,2159.744,2408.091,2669.214,3106.719,3587.798,4210.546,4181.705,5057.071,5736.328,6406.712,6647.407,6584.696,6169.375,6212.801,6778.729,7053.558,7008.542
Philippines,1087.287,1003.957,1050.297,1062.619,1137.068,1261.241,1470.825,1764.683,2011.634,1923.674,2237.157,2473.249,2721.252,2903.189,2995.504,3039.234,3107.646,3153.314,3279.519,3512.195
Poland,4485.064,4987.859,5205.517,5699.557,6684.675,8023.921,9031.797,11252.863,13999.496,11532.283,12510.805,13776.572,13010.54,13550.385,14183.116,12545.188,12369.893,13819.834,15504.366,15694.594
Portugal,11531.467,11734.878,12927.584,15793.852,18055.893,18790.561,19840.474,22813.667,24946.256,23126.175,22539.038,23213.126,20576.825,21653.505,22109.318,19252.015,19986.362,21482.834,23573.299,23333.317
Puerto Rico,16192.127,18243.709,18972.77,19820.208,20988.989,21959.317,22935.951,23664.874,24898.335,25768.726,26435.742,27278.853,27944.742,28513.15,28981.343,29755.35,30585.55,31347.273,31549.375,32851.875
Qatar,30461.311,28600.029,30701.131,35919.758,42548.115,54357.783,60591.776,65934.266,72484.634,53822.909,69796.138,96827.857,101933.117,99180.39,93054.141,66346.911,57965.377,59127.513,66421.617,63007.696
Romania,1667.613,1800.966,2108.445,2672.061,3487.699,4608.801,5744.634,8273.885,10446.484,8540.187,8391.048,9546.749,8919.363,9481.981,10025.457,8951.736,9378.957,10717.263,12465.699,12928.148
Russian Federation,1901.956,2255.253,2552.788,3197.573,4403.962,5708.838,7426.005,9761.368,12464.244,9156.97,11431.148,14306.432,15287.967,15928.699,14007.509,9257.935,8723.523,10723.996,11261.716,11555.269
Rwanda,266.055,248.99,242.338,257.7,277.634,334.407,368.508,442.334,545.574,585.04,612.395,674.982,730.185,728.395,749.269,758.834,753.876,783.521,797.104,836.016
Saint Kitts and Nevis,9279.584,9962.552,10304.318,9922.475,10566.955,11256.635,13095.2,13845.794,15451.231,15215.837,15136.905,16076.845,15694.489,16455.077,17737.032,17628.819,18367.916,19103.03,19229.138,19581.712
Saint Lucia,5843.353,5553.186,5558.316,6051.87,6490.831,6861.984,7614.247,7944.157,8462.296,8248.564,8555.92,9113.38,9232.222,9542.229,10008.505,10291.46,10591.881,11282.751,11585.525,11773.428
Saint Vincent and the Grenadines,3973.449,4284.994,4518.089,4710.272,5082.069,5353.688,5933.621,6572.506,6740.48,6564.113,6613.132,6544.688,6686.015,6988.344,7028.297,7154.784,7390.469,7643.104,8001.555,8234.203
Samoa,1552.03,1557.508,1638.535,1927.085,2341.911,2704.296,2850.163,3121.319,3733.905,3348.774,3658.418,3969.173,4088.771,4182.937,4144.645,4258.955,4338.053,4529.348,4478.955,4632.08
San Marino,no data,no data,no data,no data,59313.405,61150.61,64498.508,72991.531,79110.201,67011.543,60426.235,57512.891,50336.185,51986.532,51234.869,43068.693,44308.666,45887.687,49477.281,48043.86
Saudi Arabia,10448.562,9898.276,9937.444,11027.901,12891.372,15943.457,17827.384,19196.07,23403.651,18836.967,22028.368,26966.305,28348.573,27290.188,27079.664,22453.589,21515.643,23081.196,28036.026,27892.86
Senegal,614.004,648.446,680.83,831.623,931.745,993.237,1027.786,1197.551,1403.795,1307.516,1272.622,1366.534,1318.614,1372.686,1397.017,1219.373,1269.553,1361.221,1458.73,1436.224
Serbia,1302.459,1733.695,2291.259,3009.723,3486.086,3695.343,4398.828,5878.873,7087.453,6168.228,5673.62,6809.94,6014.914,6752.797,6598.935,5588.979,5765.203,6292.546,7252.404,7417.206
Seychelles,7578.829,7663.083,8431.923,8524.935,10176.659,11093.314,12014.418,12155.702,11480.433,9707.265,10805.099,11647.017,11999.897,14762.223,15189.416,15375.608,16721.449,17738.31,18602.985,19361.549
Sierra Leone,205.251,228.033,251.704,265.323,264.775,285.106,323.259,360.425,409.443,391.213,401.835,448.324,566.37,716.148,713.53,592.903,525.948,495.812,533.972,521.396
Singapore,23852.834,21699.748,22159.833,23730.379,27608.075,29961.308,33768.446,39432.895,40008.577,38926.813,47236.672,53891.462,55547.546,56967.426,57564.802,55645.607,56895.643,61164.897,66836.539,66070.471
Slovak Republic,3839.803,3982.454,4626.832,6341.548,8040.066,9141.837,10700.341,14374.845,18074.59,16591.518,16925.818,18526.85,17520.021,18284.89,18734.142,16399.946,16572.743,17591.574,19508.33,19396.966
Slovenia,10259.494,10502.321,11804.768,14873.628,17254.827,18152.125,19723.796,23912.494,27744.207,24854.229,23570.184,25156.137,22674.49,23516.527,24263.959,20898.913,21681.335,23511.316,26224.257,26138.901
Solomon Islands,1017.394,965.938,795.544,788.629,866.985,1014.727,1119.587,1260.251,1389.053,1428.609,1604.149,1938.786,2131.454,2250.761,2274.897,2168.568,2227.003,2310.86,2474.44,2417.332
Somalia,no data,no data,no data,no data,no data,no data,no data,no data,no data,no data,no data,no data,437.511,481.926,514.686,531.554,558.643,606.778,592.097,655.442
South Africa,3382.066,2964.029,2791.18,4209.22,5415.089,6033.211,6276.173,6776.465,6355.879,6552.265,8130.193,8799.477,8207.059,7458.04,6984.926,6256.667,5750.785,6678.292,6991.709,6622.629
"South Sudan, Republic of",no data,no data,no data,no data,no data,no data,no data,no data,no data,no data,no data,1659.546,1041.463,1337.232,1316.366,1289.852,237.034,143.345,240.328,302.262
Spain,14761.108,15400.911,17097.916,21501.074,24932.129,26438.031,28414.133,32588.562,35484.39,32131.382,30566.877,31676.69,28344.913,29094.337,29537.627,25776.217,26549.363,28211.927,30438.338,29603.298
Sri Lanka,1065.469,1017.154,1061.683,1162.71,1259.771,1477.595,1698.156,1928.714,2410.801,2472.242,2894.26,3320.074,3446.355,3737.366,3969.713,4057.742,4150.367,4401.055,4360.149,4082.694
Sudan,422.316,492.676,554.652,635.575,772.939,996.677,1249.767,1599.596,1700.513,1401.244,1637.419,2034.461,1396.292,1462.582,1628.497,1679.025,1638.638,1199.177,796.298,777.066
Suriname,2904.549,2464.817,3075.376,3571.556,4057.746,4800.797,5577.122,6165.518,7316.459,7917.317,8806.017,8770.289,9844.747,10013.725,10042.68,9036.347,5761.783,6156.461,6772.07,6662.874
Sweden,29589.141,27207.49,29846.186,37249.257,42736.876,43349.851,46425.841,53496.534,55929.862,46734.909,52658.794,60540.218,57816.023,60845.007,59704.814,51274.278,51590.473,53459.072,54295.731,51694.498
Switzerland,38976.036,39831.997,42658.5,49520.417,54772.692,56378.928,59217.075,65370.159,74665.575,71898.31,76822.061,90938.465,86283.22,87878.542,89279.52,84230.676,82577.038,82584.384,85546.669,84474.469
Syria,1202.891,1236.897,1305.087,1208.885,1361.499,1510.392,1726.028,2016.052,2557.211,2557.267,2806.685,no data,no data,no data,no data,no data,no data,no data,no data,no data
São Tomé and Príncipe,550.516,505.213,552.891,647.954,692.685,809.407,839.546,885.101,1125.875,1173.498,1090.263,1274.447,1262.796,1439.109,1545.253,1335.729,1470.016,1594.356,1851.025,1953.567
Taiwan Province of China,14844.238,13357.195,13651.355,14040.597,15290.307,16427.459,16892.883,17723.704,18053.591,16904.543,19181.358,20838.589,21256.361,21945.46,22844.316,22752.991,23070.733,25061.624,25825.566,25903.168
Tajikistan,159.417,167.035,187.958,236.394,308.844,337.129,401.586,519.025,702.445,666.024,738.287,834.52,949.648,1040.15,1105.197,919.073,800.645,844.595,852.341,893.318
Tanzania,380.08,377.469,382.354,401.069,428.927,459.757,491.056,551.781,683.137,693.025,732.315,768.16,867.857,970.348,1030.74,947.897,966.29,1002.869,1036.93,1077.739
Thailand,2003.605,1893.264,2096.189,2359.116,2660.126,2894.06,3369.545,3973.019,4379.659,4213.01,5076.339,5492.115,5860.583,6168.268,5951.877,5840.05,5993.308,6593.816,7298.941,7812.886
Timor-Leste,420.946,539.594,520.99,534.192,471.231,483.242,462.124,538.952,628.632,689.276,819.147,947.257,1031,1213.651,1233.582,1332.702,1358.284,1293.236,1248.543,1595.876
Togo,402.18,388.651,435.683,526.449,547.7,539.198,540.082,621.808,735.775,737.152,722.819,803.341,782.049,847.4,877.419,770.221,792.222,813.108,873.964,848.341
Tonga,2066.545,1819.632,1828.634,2015.247,2288.897,2581.93,2865.259,2919.693,3360.507,3040.244,3561.484,4014.77,4581.885,4408.998,4325.614,4319.442,4178.289,4577.988,4784.368,5092.873
Trinidad and Tobago,6545.953,7046.379,7162.514,8931.032,10442.168,12471.953,14280.042,16765.857,21448.701,14777.395,16957.433,19300.833,19962.219,20822.965,21414.318,19340.181,16847.45,16943.237,17242.203,16600.892
Tunisia,2322.277,2365.245,2460.779,2897.197,3265.224,3350.785,3536.507,3963.791,4519.745,4333.153,4343.057,4471.694,4345.815,4419.705,4511.282,4060.695,3890.127,3656.508,3661.194,3556.377
Turkmenistan,1874.556,2559.362,3177.653,4129.701,5078.352,6077.575,7486.018,8978.757,7351.644,6821.548,6838.338,8517.452,9464.678,9559.959,10157.395,7916.927,7390.1,8120.517,8438.284,8917.983
Tuvalu,no data,no data,1741.529,2075.674,2385.564,2348.707,2464.219,2865.977,3186.846,2759.034,3133.042,3777.342,3609.113,3615.373,3583.652,3396.69,3798.272,4255.25,4498.998,5046.827
"Türkiye, Republic of",4237.961,3082.899,3617.23,4684.698,6015.665,7350.887,7961.078,9640.571,10778.131,8941.404,10533.45,11221.402,11637.915,12488.968,12079.287,10973.586,10891.19,10628.898,9514.047,9145.817
Uganda,355.466,347.812,361.953,361.772,430.758,483.032,527.739,634.361,784.496,815.808,808.713,872.039,950.574,964.833,1008.018,839.308,837.468,838.341,879.342,951.523
Ukraine,664.376,784.864,885.315,1055.946,1374.656,1839.515,2319.286,3101.388,3944.724,2557.279,2982.814,3587.405,3874.152,4051.42,3119.576,2134.773,2200.851,2655.99,3118.258,3688.953
United Arab Emirates,34386.178,32621.364,32790.74,35017.316,39301.136,43983.848,44313.566,41466.918,39073.38,30920.369,36324.592,42986.879,45108.027,46207.448,47063.628,41422.602,40483.337,41971.753,45591.68,43981.605
United Kingdom,28347.704,27897.127,30129.415,34516.913,40434.576,42170.81,44613.883,50457.549,47918.324,38969.675,39736.208,42147.693,42489.953,43492.461,47476.188,45085.336,41275.864,40666.831,43377.759,42797.258
United States,36312.782,37101.453,37945.761,39405.354,41641.617,44034.256,46216.853,47943.353,48470.553,47102.428,48586.288,50008.108,51736.738,53245.516,55083.507,56729.681,57839.992,59878.72,62787.782,65077.295
Uruguay,7432.339,6803.597,4441.095,3941.678,4476.943,5663.499,6377.451,7622.824,9857.304,10232.122,12943.943,15341.308,16325.41,18271.525,18109.936,16791.911,16544.82,18626.981,18604.958,17636.703
Uzbekistan,702.209,587.633,481.995,499.329,585.221,689.391,811.157,1048.715,1324.54,1523.417,1777.487,2067.524,2284.525,2440.258,2651.384,2761.29,2712.808,1932.763,1618.967,1812.738
Vanuatu,1422.228,1317.091,1313.463,1542.059,1743.287,1824.505,1985.275,2308.554,2540.715,2519.625,2719.254,3007.564,2934.853,2940.193,2947.953,2771.657,2844.132,3158.901,3256.353,3187.38
Venezuela,4820.646,4963.916,3778.255,3266.095,4311.999,5421.656,6646.803,8538.102,11079.069,9557.55,11158.18,10934.275,12688.11,8692.955,7107.443,4096.971,3676.384,3806.656,3529.72,2624.411
Vietnam,498.579,513.197,546.555,610.357,756.981,873.136,996.255,1152.267,1446.562,1481.442,1628.013,1949.826,2197.619,2369.973,2566.854,2581.907,2720.168,2957.899,3216.254,3439.102
West Bank and Gaza,1412.75,1275.685,1102.5,1197.161,1350.906,1461.093,1480.704,1563.701,1913.316,2061.558,2406.261,2711.917,2888.598,3122.985,3158.599,3084.132,3325.846,3407.307,3353.225,3442.754
Yemen,526.881,521.697,551.194,591.218,677.899,796.361,881.275,970.82,1170.964,1061.415,1267.555,1303.586,1369.687,1519.342,1579.558,1508.382,1083.887,905.181,710.384,702.286
Zambia,364.026,379.713,399.099,452.287,556.05,720.204,1066.02,1133.672,1393.78,1151.193,1469.239,1644.13,1729.58,1840.665,1724.805,1307.536,1250.324,1495.751,1475.2,1268.121
Zimbabwe,969.824,964.08,922.878,822.472,806.898,764.632,677.881,646.558,553.376,790.352,975.851,1131.675,1310.442,1421.696,1415.278,1425.466,1444.716,1481.241,2529.401,1747.346
Africa (Region),900.146,851.157,848.238,998.822,1167.057,1339.252,1506.701,1706.668,1944.551,1800.418,2050.024,2231.787,2320.378,2345.351,2369.607,2110.298,1956.895,1915.312,2001.195,2001.224
Asia and Pacific,2652.886,2444.831,2467.594,2720.962,3035.255,3245.298,3435.52,3887.563,4348.609,4422.773,5112.83,5816.497,6114.244,6145.286,6304.746,6193.753,6384.362,6777.094,7208.036,7328.313
Australia and New Zealand,19741.776,18515.144,20688.276,26136.036,31496.903,34735.567,35970.586,42959.889,46307.676,42891.724,52773.236,62508.584,63808.773,61495.513,58834.557,49281.194,49805.529,53601.584,54135.687,52327.689
Caribbean,2952.167,2941.232,3014.993,3080.494,3374.798,3773.073,4065.959,4540.636,5060.923,4396.871,4654.997,4985.557,5168.862,5245.384,5299.478,5138.504,4796.026,4932.353,5109.707,5010.435
Central America,2128.538,2202.399,2280.452,2195.599,2308.001,2719.5,2934.293,3287.848,3644.773,3585.592,3928.372,4344.354,4607.539,4816.7,5064.175,5346.849,5564.853,5810.774,5956.654,6099.981
Central Asia and the Caucasus,2452.981,no data,1988.413,2521.082,3221.958,3958.458,4481.019,5509.872,6272.52,5338.628,6290.767,6989.747,7316.286,7841.508,7609.399,6708.144,6293.224,6247.351,5794.311,5698.703
East Asia,4925.666,4537.436,4526.851,4907.489,5407.63,5683.568,5903.895,6489.532,7397.996,7726.821,8779.033,10077.523,10736.947,10775.243,11174.207,11209.243,11595.274,12256.851,13346.599,13620.267
Eastern Europe ,2298.592,2615.675,2973.747,3647.038,4663.873,5729.575,6969.475,9033.306,11319.53,8864.446,10044.335,11911.984,12095.623,12663.891,11925.6,8993.178,8825.928,10319.623,11290.986,11614.676
Europe,13504.16,13734.739,15013.907,18213.434,21135.344,22350.78,24116.116,28057.526,30788.126,26982.243,27386.208,30088.235,28752.429,29909.246,30332.677,25993.32,25943.764,27561.834,29701.873,29285.531
Middle East (Region),6557.204,6110.657,4739.471,4543.871,5297.785,6304.651,7236.977,8361.706,10185.919,8828.42,10230.597,13272.852,12807.086,12993.342,13031.889,11076.524,10939.838,11563.327,11935.923,11377.529
North Africa,1914.575,1843.826,1673.831,1832.94,2036.999,2324.981,2633.241,3019.416,3656.28,3381.186,3752.593,3926.835,4406.525,4336.307,4304.225,3990.464,3896.145,3384.306,3546.556,3732.87
North America,28395.261,29008.062,29606.968,30750.107,32634.481,34750.692,36712.853,38309.417,38881.971,36984.959,38749.909,40238.293,41412.283,42499.325,43610.712,43784.932,44169.08,45839.363,47945.24,49479.265
Pacific Islands ,1194.274,1067.367,1047.767,1265.773,1432.037,1607.885,1738.639,1923.673,2200.042,2056.798,2341.532,2775.081,3049.779,3023.196,3199.423,2969.215,2853.952,3056.382,3168.1,3158.682
South America,4046.42,3667.64,2848.775,3030.866,3615.374,4561.202,5481.491,6740.201,8098.527,7712.579,9768.779,11328.926,11350.52,11201.459,10814.939,8752.209,8434.345,9480.417,8899.232,8411.229
South Asia,485.804,487.91,503.276,575.243,655.512,735.683,817.263,1017.934,1020.979,1095.198,1315.907,1406.012,1406.752,1426.71,1542.791,1595.661,1713.062,1929.56,1962.653,2008.533
Southeast Asia,1249.721,1189.509,1309.148,1454.198,1622.866,1786.022,2111.57,2488.493,2860.372,2791.612,3411.386,3915.591,4106.764,4198.345,4185.706,4018.403,4164.492,4444.94,4718.133,4946.212
Sub-Saharan Africa (Region) ,683.299,640.913,675.077,825.485,988.158,1138.48,1279.404,1444.776,1606.133,1490.505,1719.121,1906.001,1922.36,1968.296,2005.784,1759.022,1597.433,1642.071,1716.29,1686.371
Western Europe,23116.195,23189.631,25140.843,30345.32,34726.903,35924.666,38000.019,43337.48,46289.946,41324.829,41030.82,44306.092,41728.204,43296.825,44562.933,39070.711,39043.766,40693.028,43646.516,42599.105
Western Hemisphere (Region),16322.99,16457.159,16404.842,17038.256,18229.298,19709.286,21091.079,22445.93,23324.796,22173.607,23926.033,25353.117,25961.094,26448.617,26851.211,26074.324,26135.093,27424.778,28257.792,28807.683
ASEAN-5,1572.177,1487.217,1644.355,1821.529,2011.471,2199.273,2607.165,3074.119,3492.116,3385.137,4177.487,4742.031,4934.317,5009.992,4941.123,4715.428,4889.034,5213.511,5513.448,5771.691
Advanced economies,27733.465,27274.175,28276.648,31528.421,34770.004,36354.823,37985.876,41221.389,43258.493,40570.265,42154.363,45011.518,44632.763,44832.244,45647.709,42967.254,43894.075,45602.87,48077.036,48349.97
Emerging and Developing Asia,772.375,804.948,870.907,981.329,1125.277,1285.626,1508.12,1891.666,2253.046,2424.405,2893.486,3420.24,3730.868,4043.685,4325.911,4460.275,4542.842,4950.534,5414.995,5602.592
Emerging and Developing Europe,2410.683,2467.931,2807.419,3466.323,4485.037,5583.153,6670.665,8554.518,10518.797,8205.945,9567.682,11198.787,11538.691,12155.969,11416.048,8831.275,8633.085,9737.883,10149.625,10327.738
Emerging market and developing economies,1424.051,1411.125,1378.761,1528.02,1790.44,2111.493,2463.893,2995.563,3544.956,3341.4,3963.806,4619.364,4818.41,5043.458,5136.287,4765.292,4708.569,5088.411,5363.933,5414.923
Euro area,20041.027,20285.207,22037.927,26997.512,30789.296,31756.198,33586.553,38527.676,42140.674,38320.873,37429.211,40426.457,37412.152,38951.153,39684.618,34212.154,34950.556,36938.566,39865.205,39000.77
European Union,17066.182,17303.545,18868.09,23119.124,26484.175,27544.487,29295.782,33836.256,37343.114,33722.254,33260.463,35927.873,33338.579,34762.658,35535.47,30697.965,31380.778,33313.276,36019.757,35289.773
Latin America and the Caribbean,4528.593,4361.712,3818.743,3829.212,4329.285,5186.002,6007.415,7032.891,8080.499,7372.988,9065.326,10354.076,10410.162,10423.657,10220.07,8573.237,8179.021,9015.708,8730.299,8472.508
Major advanced economies (G7),31750.999,31186.652,31964.131,35080.227,38310.838,39755.216,41220.322,44015.947,45898.17,43475.438,44933.933,47527.571,47533.25,47333.164,48236.343,46063.98,47115.45,48545.525,51059.568,51793.937
Middle East and Central Asia,2378.475,2254.294,1812.54,1963.787,2309.21,2760.317,3224.376,3777.211,4540.877,3989.352,4581.373,5523.216,5468.369,5535.759,5541.547,4845.771,4689.056,4718.331,4826.936,4641.97
Other advanced economies,18556.352,17818.998,19256.586,22060.942,25057.251,27467.155,29512.503,33466.579,34992.213,31880.852,36443.759,41289.671,41257.008,42337.612,42777.398,39047.834,39515.701,42199.64,44095.107,42996.566
Sub-Saharan Africa,696.181,647.923,680.867,835.279,999.703,1146.304,1280.496,1436.976,1601.1,1494.823,1723.122,1900.371,1943.625,1988.407,2021.675,1761.831,1594.159,1658.898,1752.977,1722.048
World,5685.367,5573.199,5666.925,6259.559,6958.197,7444.741,7963.61,8880.476,9621.091,9001.813,9729.716,10693.364,10747.838,10922.701,11077.174,10330.08,10378.001,10905.997,11456.93,11500.192
,,,,,,,,,,,,,,,,,,,,
"©IMF, 2023",,,,,,,,,,,,,,,,,,,,
